year,lowest,highest,average
2000,222.01,861.58,525.350440688198
2003,83.3467,892.0179,508.49731722534256
2006,126.1079,834.9745,522.5038001059789
2009,130.12,861.1,518.117040979015
2012,131.2383,840.8616,514.7129285787227
2015,190.047,828.142,516.4602727589989
2018,65.13,886.081,509.8941939698936
