year,lowest,highest,average
2000,271.63,793.93,531.4143410138249
2003,122.3822,847.5355,543.7148302104899
2006,210.0306,851.4793,563.7484067034366
2009,229.9,856.53,548.6000275387263
2012,127.5084,836.1992,527.9747588062069
2015,199.678,852.902,531.9848684121047
2018,139.976,804.459,519.4270189414055
